,GOVERNOR,cpu_freq,cpu_temp,cpu_volt,cpu_utils,exec_time
0,OD,1500.0,53.5,0.85,8.08,0.6732
1,US,600.0,52.1,0.85,8.09,1.6586
2,US,700.0,52.5,0.85,8.1,1.4302
3,US,800.0,53.0,0.85,8.1,1.5084
4,US,900.0,53.5,0.85,8.11,1.1160
5,US,1000.0,53.0,0.85,8.11,1.0046
6,US,1100.0,53.0,0.85,8.120000000000001,0.9121
7,US,1200.0,54.0,0.85,8.120000000000001,0.8391
8,US,1300.0,52.5,0.85,8.129999999999999,0.7753
9,US,1400.0,53.5,0.85,8.129999999999999,0.7204
10,US,1500.0,52.5,0.85,8.129999999999999,0.6696
